2,f90cD3E76f1A9b9,Phillip,Summers,Female,bethany14@example.com,214.112.6044x4913,24/03/1910 00:00:00,Phytotherapist
7,bE9EEf34cB72AF7,Katherine,Buck,Female,conniecowan@example.com,+1-773-151-6685x49162,22/01/1989 00:00:00,Intelligence analyst
14,b759b74BD1dE80d,Bridget,Nash,Female,mercedes44@example.com,(216)627-8359,28/06/2004 00:00:00,Social worker
20,88473e15D5c3cD0,Jared,Mitchell,Female,jcortez@example.com,+1-958-849-6781,18/01/1921 00:00:00,Paediatric nurse
21,b31D271F8c200AB,Jacqueline,Norton,Female,carias@example.net,819.309.7679x59173,09/10/1952 00:00:00,"Scientist
22,42F4BdA841aBadC,Colleen,Hatfield,Female,fknox@example.org,638.584.1090,14/10/1949 00:00:00,Commercial horticulturist
24,f1f89173353aD90,Janice,Rhodes,Female,juarezdominique@example.net,001-249-314-9742x6996,01/11/1999 00:00:00,Drilling engineer
25,c5B09fb33e8bA0A,Alfred,Mcneil,Female,cassandramorris@example.com,(468)276-9509x53058,28/05/1993 00:00:00,Systems analyst
28,ddEc50e2A2e3a2B,Brittney,Vega,Female,ayalajose@example.net,945-739-8686,31/10/1932 00:00:00,Recycling officer
31,5d2feAfbdCAA6B5,Isaiah,Camacho,Female,jimblake@example.org,001-536-544-3367,07/04/1966 00:00:00,Food technologist
33,8Ef7DBfcaB02b6B,Bonnie,Andrews,Female,caitlin24@example.net,+1-253-987-2776x9161,21/12/1953 00:00:00,Seismic interpreter
34,6Dec5b5542F8ed8,Brandon,Schmidt,Female,mconley@example.net,+1-386-673-1465x006,12/05/1931 00:00:00,"Engineer
35,3Fb8a7f68e12784,Jackson,Sparks,Female,reynoldsdarryl@example.net,(137)908-3129x65035,18/11/1980 00:00:00,Set designer
38,ACcde95AAe3e6cC,Gene,Rich,Female,luisdeleon@example.org,+1-356-818-6604x89537,22/08/1946 00:00:00,"Surveyor
39,b6a35de5CB6fc25,Cynthia,Wiggins,Female,rosariodave@example.org,(110)858-2437x70190,27/01/1984 00:00:00,Outdoor activities/education manager
40,e92A191E345fA3A,Tanya,Mckinney,Female,vickihouston@example.com,(830)774-9002x086,12/03/2003 00:00:00,Information systems manager
43,9edBC94aE7cA22a,Willie,Vang,Female,haleymathews@example.net,741.168.6854x067,02/02/1978 00:00:00,Management consultant
44,fFe7BAA737aDbe2,Miguel,Hill,Female,tyrone56@example.org,5247842945,26/08/1930 00:00:00,Make
46,6bFcfc3cc1BC6B4,Haley,Pugh,Female,molly03@example.org,(746)182-6137x2453,16/09/1980 00:00:00,Commissioning editor
47,f3BD2cBF7eEb6df,Danielle,Estrada,Female,jvang@example.org,(890)374-9518x772,09/07/1930 00:00:00,"Accountant
51,eA3fDd79BE9f0E7,Heidi,Escobar,Female,staffordtravis@example.net,601-155-3065x1131,25/09/1931 00:00:00,Estate manager/land agent
52,aF0eE4547Bc025c,Brian,Oconnell,Female,saralong@example.net,952-283-1423x733,23/10/1911 00:00:00,Physiotherapist
53,9F5DeD7aD228F5a,Beverly,Esparza,Female,iphelps@example.net,+1-327-578-8754x6771,09/12/1930 00:00:00,Passenger transport manager
54,D3Fa0220dDE4d36,Nathaniel,Rivas,Female,roberto29@example.com,(655)887-2040x37888,17/11/1908 00:00:00,Call centre manager
55,60FdBFd5e7BE8fF,Debra,Payne,Female,yolanda07@example.org,001-731-525-8400x52593,20/08/1927 00:00:00,Special educational needs teacher
56,D8bF5Ab2b98caff,Mackenzie,Rocha,Female,abbottyvette@example.net,4225525458,21/10/1980 00:00:00,Museum/gallery exhibitions officer
57,CD8d33aA25bc8BB,Courtney,Watkins,Female,ochang@example.org,210.683.2761x5883,07/12/2003 00:00:00,Pension scheme manager
58,Fac3BfFf0A3d03c,Fred,Olsen,Female,amyanderson@example.com,497-774-3053,10/04/1910 00:00:00,Archaeologist
59,e552D7ddafe1FFb,Ryan,Nelson,Female,qnorman@example.org,956.330.2951,02/05/1924 00:00:00,Historic buildings inspector/conservation officer
64,5D2cb63CaAF53f6,Leslie,Conway,Female,floreschristina@example.org,795.782.4384x555,06/11/1983 00:00:00,Chiropractor
65,Ee6974f90eeCe18,Harold,Barnett,Female,nathan65@example.org,+1-026-265-6392,15/03/1943 00:00:00,"Biochemist
67,9Df5Ba591bF3EFf,Mike,Ward,Female,imccullough@example.com,116-729-5046,09/11/1967 00:00:00,Hydrologist
68,3faB1CBfEFBDdD4,Brittney,Rubio,Female,corey92@example.com,593.976.2528,24/12/1959 00:00:00,"Biochemist
73,5bC87340799FBD0,Jean,Ritter,Female,kristina76@example.com,(954)060-1066,06/08/1985 00:00:00,Financial trader
74,dBfA17Aaf16b4ab,Veronica,Briggs,Female,weissbridget@example.com,+1-521-589-2387x48490,08/06/1974 00:00:00,Structural engineer
75,c935b7Eb6FA0B0F,Kim,Andrews,Female,wpetersen@example.org,7677125383,15/11/1990 00:00:00,"Biochemist
78,AdEd6cfD85DeC46,Jermaine,Reid,Female,vpaul@example.com,(742)214-8691,18/08/1974 00:00:00,Newspaper journalist
81,12DCb4ED8E01D5C,Tyler,Foley,Female,johnathan72@example.org,001-386-469-3075x8030,19/09/1908 00:00:00,Economist
84,bff9853aFAeF772,Douglas,Reese,Female,nixonvanessa@example.net,001-834-660-8312x9864,11/11/1961 00:00:00,Higher education lecturer
85,E883773cA5219Be,Helen,Williamson,Female,melvin08@example.net,001-377-726-4229,11/08/1911 00:00:00,"Lecturer
89,3f3a3D89ad042Dd,Harry,Medina,Female,olsenmalik@example.net,+1-451-099-5805,24/08/1947 00:00:00,Technical sales engineer
90,9425E2F38C408ef,Kathy,Haney,Female,teresa37@example.com,(164)105-8456,02/09/1955 00:00:00,Charity fundraiser
91,F0aeC9c2759F3C6,Alison,Nixon,Female,zmiles@example.net,3506680871,10/07/1941 00:00:00,Patent attorney
92,d6EA619A7C4aA95,Jamie,Hardy,Female,sheenadouglas@example.com,(900)803-9295x11533,17/07/1994 00:00:00,"Conservator
93,2A33E7Cad1bb0F5,Melody,Cox,Female,evan90@example.org,(626)520-5080x3511,30/07/1974 00:00:00,Dance movement psychotherapist
95,feaBf8dAE0C0d6F,Dillon,Guzman,Female,angelanavarro@example.net,971-992-4521,01/04/1942 00:00:00,Air broker
96,5eFda7caAeB260E,Dennis,Barnes,Female,bmartin@example.org,001-095-524-2112x257,30/07/1954 00:00:00,Software engineer
97,CCbFce93d3720bE,Steve,Patterson,Female,latasha46@example.net,001-865-478-5157,29/04/1932 00:00:00,Barrister
